sample_name,chr,start,end,reads,length,library
chr1_3649583_40,chr1,3649583,3699583,31250,40,Read_Length
chr1_3649583_50,chr1,3649583,3699583,25000,50,Read_Length
chr1_3649583_60,chr1,3649583,3699583,20833,60,Read_Length
chr1_3649583_70,chr1,3649583,3699583,17857,70,Read_Length
chr1_3649583_80,chr1,3649583,3699583,15625,80,Read_Length
chr1_3649583_90,chr1,3649583,3699583,13889,90,Read_Length
chr1_3649583_100,chr1,3649583,3699583,12500,100,Read_Length
chr1_3649583_110,chr1,3649583,3699583,11364,110,Read_Length
chr1_3649583_120,chr1,3649583,3699583,10417,120,Read_Length
chr1_3649583_130,chr1,3649583,3699583,9615,130,Read_Length
chr1_3649583_140,chr1,3649583,3699583,8929,140,Read_Length
chr1_3649583_150,chr1,3649583,3699583,8333,150,Read_Length
chr12_2446230_40,chr12,2446230,2496230,31250,40,Read_Length
chr12_2446230_50,chr12,2446230,2496230,25000,50,Read_Length
chr12_2446230_60,chr12,2446230,2496230,20833,60,Read_Length
chr12_2446230_70,chr12,2446230,2496230,17857,70,Read_Length
chr12_2446230_80,chr12,2446230,2496230,15625,80,Read_Length
chr12_2446230_90,chr12,2446230,2496230,13889,90,Read_Length
chr12_2446230_100,chr12,2446230,2496230,12500,100,Read_Length
chr12_2446230_110,chr12,2446230,2496230,11364,110,Read_Length
chr12_2446230_120,chr12,2446230,2496230,10417,120,Read_Length
chr12_2446230_130,chr12,2446230,2496230,9615,130,Read_Length
chr12_2446230_140,chr12,2446230,2496230,8929,140,Read_Length
chr12_2446230_150,chr12,2446230,2496230,8333,150,Read_Length
chr11_1756668_40,chr11,1756668,1806668,31250,40,Read_Length
chr11_1756668_50,chr11,1756668,1806668,25000,50,Read_Length
chr11_1756668_60,chr11,1756668,1806668,20833,60,Read_Length
chr11_1756668_70,chr11,1756668,1806668,17857,70,Read_Length
chr11_1756668_80,chr11,1756668,1806668,15625,80,Read_Length
chr11_1756668_90,chr11,1756668,1806668,13889,90,Read_Length
chr11_1756668_100,chr11,1756668,1806668,12500,100,Read_Length
chr11_1756668_110,chr11,1756668,1806668,11364,110,Read_Length
chr11_1756668_120,chr11,1756668,1806668,10417,120,Read_Length
chr11_1756668_130,chr11,1756668,1806668,9615,130,Read_Length
chr11_1756668_140,chr11,1756668,1806668,8929,140,Read_Length
chr11_1756668_150,chr11,1756668,1806668,8333,150,Read_Length
chr16_1907193_40,chr16,1907193,1957193,31250,40,Read_Length
chr16_1907193_50,chr16,1907193,1957193,25000,50,Read_Length
chr16_1907193_60,chr16,1907193,1957193,20833,60,Read_Length
chr16_1907193_70,chr16,1907193,1957193,17857,70,Read_Length
chr16_1907193_80,chr16,1907193,1957193,15625,80,Read_Length
chr16_1907193_90,chr16,1907193,1957193,13889,90,Read_Length
chr16_1907193_100,chr16,1907193,1957193,12500,100,Read_Length
chr16_1907193_110,chr16,1907193,1957193,11364,110,Read_Length
chr16_1907193_120,chr16,1907193,1957193,10417,120,Read_Length
chr16_1907193_130,chr16,1907193,1957193,9615,130,Read_Length
chr16_1907193_140,chr16,1907193,1957193,8929,140,Read_Length
chr16_1907193_150,chr16,1907193,1957193,8333,150,Read_Length
chr8_2505568_40,chr8,2505568,2555568,31250,40,Read_Length
chr8_2505568_50,chr8,2505568,2555568,25000,50,Read_Length
chr8_2505568_60,chr8,2505568,2555568,20833,60,Read_Length
chr8_2505568_70,chr8,2505568,2555568,17857,70,Read_Length
chr8_2505568_80,chr8,2505568,2555568,15625,80,Read_Length
chr8_2505568_90,chr8,2505568,2555568,13889,90,Read_Length
chr8_2505568_100,chr8,2505568,2555568,12500,100,Read_Length
chr8_2505568_110,chr8,2505568,2555568,11364,110,Read_Length
chr8_2505568_120,chr8,2505568,2555568,10417,120,Read_Length
chr8_2505568_130,chr8,2505568,2555568,9615,130,Read_Length
chr8_2505568_140,chr8,2505568,2555568,8929,140,Read_Length
chr8_2505568_150,chr8,2505568,2555568,8333,150,Read_Length
chr18_1292288_40,chr18,1292288,1342288,31250,40,Read_Length
chr18_1292288_50,chr18,1292288,1342288,25000,50,Read_Length
chr18_1292288_60,chr18,1292288,1342288,20833,60,Read_Length
chr18_1292288_70,chr18,1292288,1342288,17857,70,Read_Length
chr18_1292288_80,chr18,1292288,1342288,15625,80,Read_Length
chr18_1292288_90,chr18,1292288,1342288,13889,90,Read_Length
chr18_1292288_100,chr18,1292288,1342288,12500,100,Read_Length
chr18_1292288_110,chr18,1292288,1342288,11364,110,Read_Length
chr18_1292288_120,chr18,1292288,1342288,10417,120,Read_Length
chr18_1292288_130,chr18,1292288,1342288,9615,130,Read_Length
chr18_1292288_140,chr18,1292288,1342288,8929,140,Read_Length
chr18_1292288_150,chr18,1292288,1342288,8333,150,Read_Length
chr17_1242878_40,chr17,1242878,1292878,31250,40,Read_Length
chr17_1242878_50,chr17,1242878,1292878,25000,50,Read_Length
chr17_1242878_60,chr17,1242878,1292878,20833,60,Read_Length
chr17_1242878_70,chr17,1242878,1292878,17857,70,Read_Length
chr17_1242878_80,chr17,1242878,1292878,15625,80,Read_Length
chr17_1242878_90,chr17,1242878,1292878,13889,90,Read_Length
chr17_1242878_100,chr17,1242878,1292878,12500,100,Read_Length
chr17_1242878_110,chr17,1242878,1292878,11364,110,Read_Length
chr17_1242878_120,chr17,1242878,1292878,10417,120,Read_Length
chr17_1242878_130,chr17,1242878,1292878,9615,130,Read_Length
chr17_1242878_140,chr17,1242878,1292878,8929,140,Read_Length
chr17_1242878_150,chr17,1242878,1292878,8333,150,Read_Length
chr11_1413045_40,chr11,1413045,1463045,31250,40,Read_Length
chr11_1413045_50,chr11,1413045,1463045,25000,50,Read_Length
chr11_1413045_60,chr11,1413045,1463045,20833,60,Read_Length
chr11_1413045_70,chr11,1413045,1463045,17857,70,Read_Length
chr11_1413045_80,chr11,1413045,1463045,15625,80,Read_Length
chr11_1413045_90,chr11,1413045,1463045,13889,90,Read_Length
chr11_1413045_100,chr11,1413045,1463045,12500,100,Read_Length
chr11_1413045_110,chr11,1413045,1463045,11364,110,Read_Length
chr11_1413045_120,chr11,1413045,1463045,10417,120,Read_Length
chr11_1413045_130,chr11,1413045,1463045,9615,130,Read_Length
chr11_1413045_140,chr11,1413045,1463045,8929,140,Read_Length
chr11_1413045_150,chr11,1413045,1463045,8333,150,Read_Length
chr1_2536880_40,chr1,2536880,2586880,31250,40,Read_Length
chr1_2536880_50,chr1,2536880,2586880,25000,50,Read_Length
chr1_2536880_60,chr1,2536880,2586880,20833,60,Read_Length
chr1_2536880_70,chr1,2536880,2586880,17857,70,Read_Length
chr1_2536880_80,chr1,2536880,2586880,15625,80,Read_Length
chr1_2536880_90,chr1,2536880,2586880,13889,90,Read_Length
chr1_2536880_100,chr1,2536880,2586880,12500,100,Read_Length
chr1_2536880_110,chr1,2536880,2586880,11364,110,Read_Length
chr1_2536880_120,chr1,2536880,2586880,10417,120,Read_Length
chr1_2536880_130,chr1,2536880,2586880,9615,130,Read_Length
chr1_2536880_140,chr1,2536880,2586880,8929,140,Read_Length
chr1_2536880_150,chr1,2536880,2586880,8333,150,Read_Length
chr7_989199_40,chr7,989199,1039199,31250,40,Read_Length
chr7_989199_50,chr7,989199,1039199,25000,50,Read_Length
chr7_989199_60,chr7,989199,1039199,20833,60,Read_Length
chr7_989199_70,chr7,989199,1039199,17857,70,Read_Length
chr7_989199_80,chr7,989199,1039199,15625,80,Read_Length
chr7_989199_90,chr7,989199,1039199,13889,90,Read_Length
chr7_989199_100,chr7,989199,1039199,12500,100,Read_Length
chr7_989199_110,chr7,989199,1039199,11364,110,Read_Length
chr7_989199_120,chr7,989199,1039199,10417,120,Read_Length
chr7_989199_130,chr7,989199,1039199,9615,130,Read_Length
chr7_989199_140,chr7,989199,1039199,8929,140,Read_Length
chr7_989199_150,chr7,989199,1039199,8333,150,Read_Length
chr5_2173817_40,chr5,2173817,2223817,31250,40,Read_Length
chr5_2173817_50,chr5,2173817,2223817,25000,50,Read_Length
chr5_2173817_60,chr5,2173817,2223817,20833,60,Read_Length
chr5_2173817_70,chr5,2173817,2223817,17857,70,Read_Length
chr5_2173817_80,chr5,2173817,2223817,15625,80,Read_Length
chr5_2173817_90,chr5,2173817,2223817,13889,90,Read_Length
chr5_2173817_100,chr5,2173817,2223817,12500,100,Read_Length
chr5_2173817_110,chr5,2173817,2223817,11364,110,Read_Length
chr5_2173817_120,chr5,2173817,2223817,10417,120,Read_Length
chr5_2173817_130,chr5,2173817,2223817,9615,130,Read_Length
chr5_2173817_140,chr5,2173817,2223817,8929,140,Read_Length
chr5_2173817_150,chr5,2173817,2223817,8333,150,Read_Length
chr9_477281_40,chr9,477281,527281,31250,40,Read_Length
chr9_477281_50,chr9,477281,527281,25000,50,Read_Length
chr9_477281_60,chr9,477281,527281,20833,60,Read_Length
chr9_477281_70,chr9,477281,527281,17857,70,Read_Length
chr9_477281_80,chr9,477281,527281,15625,80,Read_Length
chr9_477281_90,chr9,477281,527281,13889,90,Read_Length
chr9_477281_100,chr9,477281,527281,12500,100,Read_Length
chr9_477281_110,chr9,477281,527281,11364,110,Read_Length
chr9_477281_120,chr9,477281,527281,10417,120,Read_Length
chr9_477281_130,chr9,477281,527281,9615,130,Read_Length
chr9_477281_140,chr9,477281,527281,8929,140,Read_Length
chr9_477281_150,chr9,477281,527281,8333,150,Read_Length
chr10_493887_40,chr10,493887,543887,31250,40,Read_Length
chr10_493887_50,chr10,493887,543887,25000,50,Read_Length
chr10_493887_60,chr10,493887,543887,20833,60,Read_Length
chr10_493887_70,chr10,493887,543887,17857,70,Read_Length
chr10_493887_80,chr10,493887,543887,15625,80,Read_Length
chr10_493887_90,chr10,493887,543887,13889,90,Read_Length
chr10_493887_100,chr10,493887,543887,12500,100,Read_Length
chr10_493887_110,chr10,493887,543887,11364,110,Read_Length
chr10_493887_120,chr10,493887,543887,10417,120,Read_Length
chr10_493887_130,chr10,493887,543887,9615,130,Read_Length
chr10_493887_140,chr10,493887,543887,8929,140,Read_Length
chr10_493887_150,chr10,493887,543887,8333,150,Read_Length
chr4_2660726_40,chr4,2660726,2710726,31250,40,Read_Length
chr4_2660726_50,chr4,2660726,2710726,25000,50,Read_Length
chr4_2660726_60,chr4,2660726,2710726,20833,60,Read_Length
chr4_2660726_70,chr4,2660726,2710726,17857,70,Read_Length
chr4_2660726_80,chr4,2660726,2710726,15625,80,Read_Length
chr4_2660726_90,chr4,2660726,2710726,13889,90,Read_Length
chr4_2660726_100,chr4,2660726,2710726,12500,100,Read_Length
chr4_2660726_110,chr4,2660726,2710726,11364,110,Read_Length
chr4_2660726_120,chr4,2660726,2710726,10417,120,Read_Length
chr4_2660726_130,chr4,2660726,2710726,9615,130,Read_Length
chr4_2660726_140,chr4,2660726,2710726,8929,140,Read_Length
chr4_2660726_150,chr4,2660726,2710726,8333,150,Read_Length
chr18_378931_40,chr18,378931,428931,31250,40,Read_Length
chr18_378931_50,chr18,378931,428931,25000,50,Read_Length
chr18_378931_60,chr18,378931,428931,20833,60,Read_Length
chr18_378931_70,chr18,378931,428931,17857,70,Read_Length
chr18_378931_80,chr18,378931,428931,15625,80,Read_Length
chr18_378931_90,chr18,378931,428931,13889,90,Read_Length
chr18_378931_100,chr18,378931,428931,12500,100,Read_Length
chr18_378931_110,chr18,378931,428931,11364,110,Read_Length
chr18_378931_120,chr18,378931,428931,10417,120,Read_Length
chr18_378931_130,chr18,378931,428931,9615,130,Read_Length
chr18_378931_140,chr18,378931,428931,8929,140,Read_Length
chr18_378931_150,chr18,378931,428931,8333,150,Read_Length
chr16_717304_40,chr16,717304,767304,31250,40,Read_Length
chr16_717304_50,chr16,717304,767304,25000,50,Read_Length
chr16_717304_60,chr16,717304,767304,20833,60,Read_Length
chr16_717304_70,chr16,717304,767304,17857,70,Read_Length
chr16_717304_80,chr16,717304,767304,15625,80,Read_Length
chr16_717304_90,chr16,717304,767304,13889,90,Read_Length
chr16_717304_100,chr16,717304,767304,12500,100,Read_Length
chr16_717304_110,chr16,717304,767304,11364,110,Read_Length
chr16_717304_120,chr16,717304,767304,10417,120,Read_Length
chr16_717304_130,chr16,717304,767304,9615,130,Read_Length
chr16_717304_140,chr16,717304,767304,8929,140,Read_Length
chr16_717304_150,chr16,717304,767304,8333,150,Read_Length
chr2_2447055_40,chr2,2447055,2497055,31250,40,Read_Length
chr2_2447055_50,chr2,2447055,2497055,25000,50,Read_Length
chr2_2447055_60,chr2,2447055,2497055,20833,60,Read_Length
chr2_2447055_70,chr2,2447055,2497055,17857,70,Read_Length
chr2_2447055_80,chr2,2447055,2497055,15625,80,Read_Length
chr2_2447055_90,chr2,2447055,2497055,13889,90,Read_Length
chr2_2447055_100,chr2,2447055,2497055,12500,100,Read_Length
chr2_2447055_110,chr2,2447055,2497055,11364,110,Read_Length
chr2_2447055_120,chr2,2447055,2497055,10417,120,Read_Length
chr2_2447055_130,chr2,2447055,2497055,9615,130,Read_Length
chr2_2447055_140,chr2,2447055,2497055,8929,140,Read_Length
chr2_2447055_150,chr2,2447055,2497055,8333,150,Read_Length
chr8_78532_40,chr8,78532,128532,31250,40,Read_Length
chr8_78532_50,chr8,78532,128532,25000,50,Read_Length
chr8_78532_60,chr8,78532,128532,20833,60,Read_Length
chr8_78532_70,chr8,78532,128532,17857,70,Read_Length
chr8_78532_80,chr8,78532,128532,15625,80,Read_Length
chr8_78532_90,chr8,78532,128532,13889,90,Read_Length
chr8_78532_100,chr8,78532,128532,12500,100,Read_Length
chr8_78532_110,chr8,78532,128532,11364,110,Read_Length
chr8_78532_120,chr8,78532,128532,10417,120,Read_Length
chr8_78532_130,chr8,78532,128532,9615,130,Read_Length
chr8_78532_140,chr8,78532,128532,8929,140,Read_Length
chr8_78532_150,chr8,78532,128532,8333,150,Read_Length
chr17_333393_40,chr17,333393,383393,31250,40,Read_Length
chr17_333393_50,chr17,333393,383393,25000,50,Read_Length
chr17_333393_60,chr17,333393,383393,20833,60,Read_Length
chr17_333393_70,chr17,333393,383393,17857,70,Read_Length
chr17_333393_80,chr17,333393,383393,15625,80,Read_Length
chr17_333393_90,chr17,333393,383393,13889,90,Read_Length
chr17_333393_100,chr17,333393,383393,12500,100,Read_Length
chr17_333393_110,chr17,333393,383393,11364,110,Read_Length
chr17_333393_120,chr17,333393,383393,10417,120,Read_Length
chr17_333393_130,chr17,333393,383393,9615,130,Read_Length
chr17_333393_140,chr17,333393,383393,8929,140,Read_Length
chr17_333393_150,chr17,333393,383393,8333,150,Read_Length
chr8_1990116_40,chr8,1990116,2040116,31250,40,Read_Length
chr8_1990116_50,chr8,1990116,2040116,25000,50,Read_Length
chr8_1990116_60,chr8,1990116,2040116,20833,60,Read_Length
chr8_1990116_70,chr8,1990116,2040116,17857,70,Read_Length
chr8_1990116_80,chr8,1990116,2040116,15625,80,Read_Length
chr8_1990116_90,chr8,1990116,2040116,13889,90,Read_Length
chr8_1990116_100,chr8,1990116,2040116,12500,100,Read_Length
chr8_1990116_110,chr8,1990116,2040116,11364,110,Read_Length
chr8_1990116_120,chr8,1990116,2040116,10417,120,Read_Length
chr8_1990116_130,chr8,1990116,2040116,9615,130,Read_Length
chr8_1990116_140,chr8,1990116,2040116,8929,140,Read_Length
chr8_1990116_150,chr8,1990116,2040116,8333,150,Read_Length
chr2_753500_40,chr2,753500,803500,31250,40,Read_Length
chr2_753500_50,chr2,753500,803500,25000,50,Read_Length
chr2_753500_60,chr2,753500,803500,20833,60,Read_Length
chr2_753500_70,chr2,753500,803500,17857,70,Read_Length
chr2_753500_80,chr2,753500,803500,15625,80,Read_Length
chr2_753500_90,chr2,753500,803500,13889,90,Read_Length
chr2_753500_100,chr2,753500,803500,12500,100,Read_Length
chr2_753500_110,chr2,753500,803500,11364,110,Read_Length
chr2_753500_120,chr2,753500,803500,10417,120,Read_Length
chr2_753500_130,chr2,753500,803500,9615,130,Read_Length
chr2_753500_140,chr2,753500,803500,8929,140,Read_Length
chr2_753500_150,chr2,753500,803500,8333,150,Read_Length
chr11_1918165_40,chr11,1918165,1968165,31250,40,Read_Length
chr11_1918165_50,chr11,1918165,1968165,25000,50,Read_Length
chr11_1918165_60,chr11,1918165,1968165,20833,60,Read_Length
chr11_1918165_70,chr11,1918165,1968165,17857,70,Read_Length
chr11_1918165_80,chr11,1918165,1968165,15625,80,Read_Length
chr11_1918165_90,chr11,1918165,1968165,13889,90,Read_Length
chr11_1918165_100,chr11,1918165,1968165,12500,100,Read_Length
chr11_1918165_110,chr11,1918165,1968165,11364,110,Read_Length
chr11_1918165_120,chr11,1918165,1968165,10417,120,Read_Length
chr11_1918165_130,chr11,1918165,1968165,9615,130,Read_Length
chr11_1918165_140,chr11,1918165,1968165,8929,140,Read_Length
chr11_1918165_150,chr11,1918165,1968165,8333,150,Read_Length
chr9_201637_40,chr9,201637,251637,31250,40,Read_Length
chr9_201637_50,chr9,201637,251637,25000,50,Read_Length
chr9_201637_60,chr9,201637,251637,20833,60,Read_Length
chr9_201637_70,chr9,201637,251637,17857,70,Read_Length
chr9_201637_80,chr9,201637,251637,15625,80,Read_Length
chr9_201637_90,chr9,201637,251637,13889,90,Read_Length
chr9_201637_100,chr9,201637,251637,12500,100,Read_Length
chr9_201637_110,chr9,201637,251637,11364,110,Read_Length
chr9_201637_120,chr9,201637,251637,10417,120,Read_Length
chr9_201637_130,chr9,201637,251637,9615,130,Read_Length
chr9_201637_140,chr9,201637,251637,8929,140,Read_Length
chr9_201637_150,chr9,201637,251637,8333,150,Read_Length
chr8_1514102_40,chr8,1514102,1564102,31250,40,Read_Length
chr8_1514102_50,chr8,1514102,1564102,25000,50,Read_Length
chr8_1514102_60,chr8,1514102,1564102,20833,60,Read_Length
chr8_1514102_70,chr8,1514102,1564102,17857,70,Read_Length
chr8_1514102_80,chr8,1514102,1564102,15625,80,Read_Length
chr8_1514102_90,chr8,1514102,1564102,13889,90,Read_Length
chr8_1514102_100,chr8,1514102,1564102,12500,100,Read_Length
chr8_1514102_110,chr8,1514102,1564102,11364,110,Read_Length
chr8_1514102_120,chr8,1514102,1564102,10417,120,Read_Length
chr8_1514102_130,chr8,1514102,1564102,9615,130,Read_Length
chr8_1514102_140,chr8,1514102,1564102,8929,140,Read_Length
chr8_1514102_150,chr8,1514102,1564102,8333,150,Read_Length
chr8_98753_40,chr8,98753,148753,31250,40,Read_Length
chr8_98753_50,chr8,98753,148753,25000,50,Read_Length
chr8_98753_60,chr8,98753,148753,20833,60,Read_Length
chr8_98753_70,chr8,98753,148753,17857,70,Read_Length
chr8_98753_80,chr8,98753,148753,15625,80,Read_Length
chr8_98753_90,chr8,98753,148753,13889,90,Read_Length
chr8_98753_100,chr8,98753,148753,12500,100,Read_Length
chr8_98753_110,chr8,98753,148753,11364,110,Read_Length
chr8_98753_120,chr8,98753,148753,10417,120,Read_Length
chr8_98753_130,chr8,98753,148753,9615,130,Read_Length
chr8_98753_140,chr8,98753,148753,8929,140,Read_Length
chr8_98753_150,chr8,98753,148753,8333,150,Read_Length
chr1_1576394_40,chr1,1576394,1626394,31250,40,Read_Length
chr1_1576394_50,chr1,1576394,1626394,25000,50,Read_Length
chr1_1576394_60,chr1,1576394,1626394,20833,60,Read_Length
chr1_1576394_70,chr1,1576394,1626394,17857,70,Read_Length
chr1_1576394_80,chr1,1576394,1626394,15625,80,Read_Length
chr1_1576394_90,chr1,1576394,1626394,13889,90,Read_Length
chr1_1576394_100,chr1,1576394,1626394,12500,100,Read_Length
chr1_1576394_110,chr1,1576394,1626394,11364,110,Read_Length
chr1_1576394_120,chr1,1576394,1626394,10417,120,Read_Length
chr1_1576394_130,chr1,1576394,1626394,9615,130,Read_Length
chr1_1576394_140,chr1,1576394,1626394,8929,140,Read_Length
chr1_1576394_150,chr1,1576394,1626394,8333,150,Read_Length
chr19_244061_40,chr19,244061,294061,31250,40,Read_Length
chr19_244061_50,chr19,244061,294061,25000,50,Read_Length
chr19_244061_60,chr19,244061,294061,20833,60,Read_Length
chr19_244061_70,chr19,244061,294061,17857,70,Read_Length
chr19_244061_80,chr19,244061,294061,15625,80,Read_Length
chr19_244061_90,chr19,244061,294061,13889,90,Read_Length
chr19_244061_100,chr19,244061,294061,12500,100,Read_Length
chr19_244061_110,chr19,244061,294061,11364,110,Read_Length
chr19_244061_120,chr19,244061,294061,10417,120,Read_Length
chr19_244061_130,chr19,244061,294061,9615,130,Read_Length
chr19_244061_140,chr19,244061,294061,8929,140,Read_Length
chr19_244061_150,chr19,244061,294061,8333,150,Read_Length
chr12_1045249_40,chr12,1045249,1095249,31250,40,Read_Length
chr12_1045249_50,chr12,1045249,1095249,25000,50,Read_Length
chr12_1045249_60,chr12,1045249,1095249,20833,60,Read_Length
chr12_1045249_70,chr12,1045249,1095249,17857,70,Read_Length
chr12_1045249_80,chr12,1045249,1095249,15625,80,Read_Length
chr12_1045249_90,chr12,1045249,1095249,13889,90,Read_Length
chr12_1045249_100,chr12,1045249,1095249,12500,100,Read_Length
chr12_1045249_110,chr12,1045249,1095249,11364,110,Read_Length
chr12_1045249_120,chr12,1045249,1095249,10417,120,Read_Length
chr12_1045249_130,chr12,1045249,1095249,9615,130,Read_Length
chr12_1045249_140,chr12,1045249,1095249,8929,140,Read_Length
chr12_1045249_150,chr12,1045249,1095249,8333,150,Read_Length
chr8_108302_40,chr8,108302,158302,31250,40,Read_Length
chr8_108302_50,chr8,108302,158302,25000,50,Read_Length
chr8_108302_60,chr8,108302,158302,20833,60,Read_Length
chr8_108302_70,chr8,108302,158302,17857,70,Read_Length
chr8_108302_80,chr8,108302,158302,15625,80,Read_Length
chr8_108302_90,chr8,108302,158302,13889,90,Read_Length
chr8_108302_100,chr8,108302,158302,12500,100,Read_Length
chr8_108302_110,chr8,108302,158302,11364,110,Read_Length
chr8_108302_120,chr8,108302,158302,10417,120,Read_Length
chr8_108302_130,chr8,108302,158302,9615,130,Read_Length
chr8_108302_140,chr8,108302,158302,8929,140,Read_Length
chr8_108302_150,chr8,108302,158302,8333,150,Read_Length
chr19_1600983_40,chr19,1600983,1650983,31250,40,Read_Length
chr19_1600983_50,chr19,1600983,1650983,25000,50,Read_Length
chr19_1600983_60,chr19,1600983,1650983,20833,60,Read_Length
chr19_1600983_70,chr19,1600983,1650983,17857,70,Read_Length
chr19_1600983_80,chr19,1600983,1650983,15625,80,Read_Length
chr19_1600983_90,chr19,1600983,1650983,13889,90,Read_Length
chr19_1600983_100,chr19,1600983,1650983,12500,100,Read_Length
chr19_1600983_110,chr19,1600983,1650983,11364,110,Read_Length
chr19_1600983_120,chr19,1600983,1650983,10417,120,Read_Length
chr19_1600983_130,chr19,1600983,1650983,9615,130,Read_Length
chr19_1600983_140,chr19,1600983,1650983,8929,140,Read_Length
chr19_1600983_150,chr19,1600983,1650983,8333,150,Read_Length
chr5_629448_40,chr5,629448,679448,31250,40,Read_Length
chr5_629448_50,chr5,629448,679448,25000,50,Read_Length
chr5_629448_60,chr5,629448,679448,20833,60,Read_Length
chr5_629448_70,chr5,629448,679448,17857,70,Read_Length
chr5_629448_80,chr5,629448,679448,15625,80,Read_Length
chr5_629448_90,chr5,629448,679448,13889,90,Read_Length
chr5_629448_100,chr5,629448,679448,12500,100,Read_Length
chr5_629448_110,chr5,629448,679448,11364,110,Read_Length
chr5_629448_120,chr5,629448,679448,10417,120,Read_Length
chr5_629448_130,chr5,629448,679448,9615,130,Read_Length
chr5_629448_140,chr5,629448,679448,8929,140,Read_Length
chr5_629448_150,chr5,629448,679448,8333,150,Read_Length
chr4_2451730_40,chr4,2451730,2501730,31250,40,Read_Length
chr4_2451730_50,chr4,2451730,2501730,25000,50,Read_Length
chr4_2451730_60,chr4,2451730,2501730,20833,60,Read_Length
chr4_2451730_70,chr4,2451730,2501730,17857,70,Read_Length
chr4_2451730_80,chr4,2451730,2501730,15625,80,Read_Length
chr4_2451730_90,chr4,2451730,2501730,13889,90,Read_Length
chr4_2451730_100,chr4,2451730,2501730,12500,100,Read_Length
chr4_2451730_110,chr4,2451730,2501730,11364,110,Read_Length
chr4_2451730_120,chr4,2451730,2501730,10417,120,Read_Length
chr4_2451730_130,chr4,2451730,2501730,9615,130,Read_Length
chr4_2451730_140,chr4,2451730,2501730,8929,140,Read_Length
chr4_2451730_150,chr4,2451730,2501730,8333,150,Read_Length
chr19_225017_40,chr19,225017,275017,31250,40,Read_Length
chr19_225017_50,chr19,225017,275017,25000,50,Read_Length
chr19_225017_60,chr19,225017,275017,20833,60,Read_Length
chr19_225017_70,chr19,225017,275017,17857,70,Read_Length
chr19_225017_80,chr19,225017,275017,15625,80,Read_Length
chr19_225017_90,chr19,225017,275017,13889,90,Read_Length
chr19_225017_100,chr19,225017,275017,12500,100,Read_Length
chr19_225017_110,chr19,225017,275017,11364,110,Read_Length
chr19_225017_120,chr19,225017,275017,10417,120,Read_Length
chr19_225017_130,chr19,225017,275017,9615,130,Read_Length
chr19_225017_140,chr19,225017,275017,8929,140,Read_Length
chr19_225017_150,chr19,225017,275017,8333,150,Read_Length
chr10_2518579_40,chr10,2518579,2568579,31250,40,Read_Length
chr10_2518579_50,chr10,2518579,2568579,25000,50,Read_Length
chr10_2518579_60,chr10,2518579,2568579,20833,60,Read_Length
chr10_2518579_70,chr10,2518579,2568579,17857,70,Read_Length
chr10_2518579_80,chr10,2518579,2568579,15625,80,Read_Length
chr10_2518579_90,chr10,2518579,2568579,13889,90,Read_Length
chr10_2518579_100,chr10,2518579,2568579,12500,100,Read_Length
chr10_2518579_110,chr10,2518579,2568579,11364,110,Read_Length
chr10_2518579_120,chr10,2518579,2568579,10417,120,Read_Length
chr10_2518579_130,chr10,2518579,2568579,9615,130,Read_Length
chr10_2518579_140,chr10,2518579,2568579,8929,140,Read_Length
chr10_2518579_150,chr10,2518579,2568579,8333,150,Read_Length
chr17_247114_40,chr17,247114,297114,31250,40,Read_Length
chr17_247114_50,chr17,247114,297114,25000,50,Read_Length
chr17_247114_60,chr17,247114,297114,20833,60,Read_Length
chr17_247114_70,chr17,247114,297114,17857,70,Read_Length
chr17_247114_80,chr17,247114,297114,15625,80,Read_Length
chr17_247114_90,chr17,247114,297114,13889,90,Read_Length
chr17_247114_100,chr17,247114,297114,12500,100,Read_Length
chr17_247114_110,chr17,247114,297114,11364,110,Read_Length
chr17_247114_120,chr17,247114,297114,10417,120,Read_Length
chr17_247114_130,chr17,247114,297114,9615,130,Read_Length
chr17_247114_140,chr17,247114,297114,8929,140,Read_Length
chr17_247114_150,chr17,247114,297114,8333,150,Read_Length
chr3_3105890_40,chr3,3105890,3155890,31250,40,Read_Length
chr3_3105890_50,chr3,3105890,3155890,25000,50,Read_Length
chr3_3105890_60,chr3,3105890,3155890,20833,60,Read_Length
chr3_3105890_70,chr3,3105890,3155890,17857,70,Read_Length
chr3_3105890_80,chr3,3105890,3155890,15625,80,Read_Length
chr3_3105890_90,chr3,3105890,3155890,13889,90,Read_Length
chr3_3105890_100,chr3,3105890,3155890,12500,100,Read_Length
chr3_3105890_110,chr3,3105890,3155890,11364,110,Read_Length
chr3_3105890_120,chr3,3105890,3155890,10417,120,Read_Length
chr3_3105890_130,chr3,3105890,3155890,9615,130,Read_Length
chr3_3105890_140,chr3,3105890,3155890,8929,140,Read_Length
chr3_3105890_150,chr3,3105890,3155890,8333,150,Read_Length
chr19_647671_40,chr19,647671,697671,31250,40,Read_Length
chr19_647671_50,chr19,647671,697671,25000,50,Read_Length
chr19_647671_60,chr19,647671,697671,20833,60,Read_Length
chr19_647671_70,chr19,647671,697671,17857,70,Read_Length
chr19_647671_80,chr19,647671,697671,15625,80,Read_Length
chr19_647671_90,chr19,647671,697671,13889,90,Read_Length
chr19_647671_100,chr19,647671,697671,12500,100,Read_Length
chr19_647671_110,chr19,647671,697671,11364,110,Read_Length
chr19_647671_120,chr19,647671,697671,10417,120,Read_Length
chr19_647671_130,chr19,647671,697671,9615,130,Read_Length
chr19_647671_140,chr19,647671,697671,8929,140,Read_Length
chr19_647671_150,chr19,647671,697671,8333,150,Read_Length
chr1_1656695_40,chr1,1656695,1706695,31250,40,Read_Length
chr1_1656695_50,chr1,1656695,1706695,25000,50,Read_Length
chr1_1656695_60,chr1,1656695,1706695,20833,60,Read_Length
chr1_1656695_70,chr1,1656695,1706695,17857,70,Read_Length
chr1_1656695_80,chr1,1656695,1706695,15625,80,Read_Length
chr1_1656695_90,chr1,1656695,1706695,13889,90,Read_Length
chr1_1656695_100,chr1,1656695,1706695,12500,100,Read_Length
chr1_1656695_110,chr1,1656695,1706695,11364,110,Read_Length
chr1_1656695_120,chr1,1656695,1706695,10417,120,Read_Length
chr1_1656695_130,chr1,1656695,1706695,9615,130,Read_Length
chr1_1656695_140,chr1,1656695,1706695,8929,140,Read_Length
chr1_1656695_150,chr1,1656695,1706695,8333,150,Read_Length
chr4_1450553_40,chr4,1450553,1500553,31250,40,Read_Length
chr4_1450553_50,chr4,1450553,1500553,25000,50,Read_Length
chr4_1450553_60,chr4,1450553,1500553,20833,60,Read_Length
chr4_1450553_70,chr4,1450553,1500553,17857,70,Read_Length
chr4_1450553_80,chr4,1450553,1500553,15625,80,Read_Length
chr4_1450553_90,chr4,1450553,1500553,13889,90,Read_Length
chr4_1450553_100,chr4,1450553,1500553,12500,100,Read_Length
chr4_1450553_110,chr4,1450553,1500553,11364,110,Read_Length
chr4_1450553_120,chr4,1450553,1500553,10417,120,Read_Length
chr4_1450553_130,chr4,1450553,1500553,9615,130,Read_Length
chr4_1450553_140,chr4,1450553,1500553,8929,140,Read_Length
chr4_1450553_150,chr4,1450553,1500553,8333,150,Read_Length
chr5_1632209_40,chr5,1632209,1682209,31250,40,Read_Length
chr5_1632209_50,chr5,1632209,1682209,25000,50,Read_Length
chr5_1632209_60,chr5,1632209,1682209,20833,60,Read_Length
chr5_1632209_70,chr5,1632209,1682209,17857,70,Read_Length
chr5_1632209_80,chr5,1632209,1682209,15625,80,Read_Length
chr5_1632209_90,chr5,1632209,1682209,13889,90,Read_Length
chr5_1632209_100,chr5,1632209,1682209,12500,100,Read_Length
chr5_1632209_110,chr5,1632209,1682209,11364,110,Read_Length
chr5_1632209_120,chr5,1632209,1682209,10417,120,Read_Length
chr5_1632209_130,chr5,1632209,1682209,9615,130,Read_Length
chr5_1632209_140,chr5,1632209,1682209,8929,140,Read_Length
chr5_1632209_150,chr5,1632209,1682209,8333,150,Read_Length
chr12_1401363_40,chr12,1401363,1451363,31250,40,Read_Length
chr12_1401363_50,chr12,1401363,1451363,25000,50,Read_Length
chr12_1401363_60,chr12,1401363,1451363,20833,60,Read_Length
chr12_1401363_70,chr12,1401363,1451363,17857,70,Read_Length
chr12_1401363_80,chr12,1401363,1451363,15625,80,Read_Length
chr12_1401363_90,chr12,1401363,1451363,13889,90,Read_Length
chr12_1401363_100,chr12,1401363,1451363,12500,100,Read_Length
chr12_1401363_110,chr12,1401363,1451363,11364,110,Read_Length
chr12_1401363_120,chr12,1401363,1451363,10417,120,Read_Length
chr12_1401363_130,chr12,1401363,1451363,9615,130,Read_Length
chr12_1401363_140,chr12,1401363,1451363,8929,140,Read_Length
chr12_1401363_150,chr12,1401363,1451363,8333,150,Read_Length
chr9_885287_40,chr9,885287,935287,31250,40,Read_Length
chr9_885287_50,chr9,885287,935287,25000,50,Read_Length
chr9_885287_60,chr9,885287,935287,20833,60,Read_Length
chr9_885287_70,chr9,885287,935287,17857,70,Read_Length
chr9_885287_80,chr9,885287,935287,15625,80,Read_Length
chr9_885287_90,chr9,885287,935287,13889,90,Read_Length
chr9_885287_100,chr9,885287,935287,12500,100,Read_Length
chr9_885287_110,chr9,885287,935287,11364,110,Read_Length
chr9_885287_120,chr9,885287,935287,10417,120,Read_Length
chr9_885287_130,chr9,885287,935287,9615,130,Read_Length
chr9_885287_140,chr9,885287,935287,8929,140,Read_Length
chr9_885287_150,chr9,885287,935287,8333,150,Read_Length
chr3_1409457_40,chr3,1409457,1459457,31250,40,Read_Length
chr3_1409457_50,chr3,1409457,1459457,25000,50,Read_Length
chr3_1409457_60,chr3,1409457,1459457,20833,60,Read_Length
chr3_1409457_70,chr3,1409457,1459457,17857,70,Read_Length
chr3_1409457_80,chr3,1409457,1459457,15625,80,Read_Length
chr3_1409457_90,chr3,1409457,1459457,13889,90,Read_Length
chr3_1409457_100,chr3,1409457,1459457,12500,100,Read_Length
chr3_1409457_110,chr3,1409457,1459457,11364,110,Read_Length
chr3_1409457_120,chr3,1409457,1459457,10417,120,Read_Length
chr3_1409457_130,chr3,1409457,1459457,9615,130,Read_Length
chr3_1409457_140,chr3,1409457,1459457,8929,140,Read_Length
chr3_1409457_150,chr3,1409457,1459457,8333,150,Read_Length
chr2_475511_40,chr2,475511,525511,31250,40,Read_Length
chr2_475511_50,chr2,475511,525511,25000,50,Read_Length
chr2_475511_60,chr2,475511,525511,20833,60,Read_Length
chr2_475511_70,chr2,475511,525511,17857,70,Read_Length
chr2_475511_80,chr2,475511,525511,15625,80,Read_Length
chr2_475511_90,chr2,475511,525511,13889,90,Read_Length
chr2_475511_100,chr2,475511,525511,12500,100,Read_Length
chr2_475511_110,chr2,475511,525511,11364,110,Read_Length
chr2_475511_120,chr2,475511,525511,10417,120,Read_Length
chr2_475511_130,chr2,475511,525511,9615,130,Read_Length
chr2_475511_140,chr2,475511,525511,8929,140,Read_Length
chr2_475511_150,chr2,475511,525511,8333,150,Read_Length
chr10_2453665_40,chr10,2453665,2503665,31250,40,Read_Length
chr10_2453665_50,chr10,2453665,2503665,25000,50,Read_Length
chr10_2453665_60,chr10,2453665,2503665,20833,60,Read_Length
chr10_2453665_70,chr10,2453665,2503665,17857,70,Read_Length
chr10_2453665_80,chr10,2453665,2503665,15625,80,Read_Length
chr10_2453665_90,chr10,2453665,2503665,13889,90,Read_Length
chr10_2453665_100,chr10,2453665,2503665,12500,100,Read_Length
chr10_2453665_110,chr10,2453665,2503665,11364,110,Read_Length
chr10_2453665_120,chr10,2453665,2503665,10417,120,Read_Length
chr10_2453665_130,chr10,2453665,2503665,9615,130,Read_Length
chr10_2453665_140,chr10,2453665,2503665,8929,140,Read_Length
chr10_2453665_150,chr10,2453665,2503665,8333,150,Read_Length
chr4_12750_40,chr4,12750,62750,31250,40,Read_Length
chr4_12750_50,chr4,12750,62750,25000,50,Read_Length
chr4_12750_60,chr4,12750,62750,20833,60,Read_Length
chr4_12750_70,chr4,12750,62750,17857,70,Read_Length
chr4_12750_80,chr4,12750,62750,15625,80,Read_Length
chr4_12750_90,chr4,12750,62750,13889,90,Read_Length
chr4_12750_100,chr4,12750,62750,12500,100,Read_Length
chr4_12750_110,chr4,12750,62750,11364,110,Read_Length
chr4_12750_120,chr4,12750,62750,10417,120,Read_Length
chr4_12750_130,chr4,12750,62750,9615,130,Read_Length
chr4_12750_140,chr4,12750,62750,8929,140,Read_Length
chr4_12750_150,chr4,12750,62750,8333,150,Read_Length
chr12_940455_40,chr12,940455,990455,31250,40,Read_Length
chr12_940455_50,chr12,940455,990455,25000,50,Read_Length
chr12_940455_60,chr12,940455,990455,20833,60,Read_Length
chr12_940455_70,chr12,940455,990455,17857,70,Read_Length
chr12_940455_80,chr12,940455,990455,15625,80,Read_Length
chr12_940455_90,chr12,940455,990455,13889,90,Read_Length
chr12_940455_100,chr12,940455,990455,12500,100,Read_Length
chr12_940455_110,chr12,940455,990455,11364,110,Read_Length
chr12_940455_120,chr12,940455,990455,10417,120,Read_Length
chr12_940455_130,chr12,940455,990455,9615,130,Read_Length
chr12_940455_140,chr12,940455,990455,8929,140,Read_Length
chr12_940455_150,chr12,940455,990455,8333,150,Read_Length
chr2_374166_40,chr2,374166,424166,31250,40,Read_Length
chr2_374166_50,chr2,374166,424166,25000,50,Read_Length
chr2_374166_60,chr2,374166,424166,20833,60,Read_Length
chr2_374166_70,chr2,374166,424166,17857,70,Read_Length
chr2_374166_80,chr2,374166,424166,15625,80,Read_Length
chr2_374166_90,chr2,374166,424166,13889,90,Read_Length
chr2_374166_100,chr2,374166,424166,12500,100,Read_Length
chr2_374166_110,chr2,374166,424166,11364,110,Read_Length
chr2_374166_120,chr2,374166,424166,10417,120,Read_Length
chr2_374166_130,chr2,374166,424166,9615,130,Read_Length
chr2_374166_140,chr2,374166,424166,8929,140,Read_Length
chr2_374166_150,chr2,374166,424166,8333,150,Read_Length
chr16_329894_40,chr16,329894,379894,31250,40,Read_Length
chr16_329894_50,chr16,329894,379894,25000,50,Read_Length
chr16_329894_60,chr16,329894,379894,20833,60,Read_Length
chr16_329894_70,chr16,329894,379894,17857,70,Read_Length
chr16_329894_80,chr16,329894,379894,15625,80,Read_Length
chr16_329894_90,chr16,329894,379894,13889,90,Read_Length
chr16_329894_100,chr16,329894,379894,12500,100,Read_Length
chr16_329894_110,chr16,329894,379894,11364,110,Read_Length
chr16_329894_120,chr16,329894,379894,10417,120,Read_Length
chr16_329894_130,chr16,329894,379894,9615,130,Read_Length
chr16_329894_140,chr16,329894,379894,8929,140,Read_Length
chr16_329894_150,chr16,329894,379894,8333,150,Read_Length
chr1_1406180_40,chr1,1406180,1456180,31250,40,Read_Length
chr1_1406180_50,chr1,1406180,1456180,25000,50,Read_Length
chr1_1406180_60,chr1,1406180,1456180,20833,60,Read_Length
chr1_1406180_70,chr1,1406180,1456180,17857,70,Read_Length
chr1_1406180_80,chr1,1406180,1456180,15625,80,Read_Length
chr1_1406180_90,chr1,1406180,1456180,13889,90,Read_Length
chr1_1406180_100,chr1,1406180,1456180,12500,100,Read_Length
chr1_1406180_110,chr1,1406180,1456180,11364,110,Read_Length
chr1_1406180_120,chr1,1406180,1456180,10417,120,Read_Length
chr1_1406180_130,chr1,1406180,1456180,9615,130,Read_Length
chr1_1406180_140,chr1,1406180,1456180,8929,140,Read_Length
chr1_1406180_150,chr1,1406180,1456180,8333,150,Read_Length
chr1_2290601_40,chr1,2290601,2340601,31250,40,Read_Length
chr1_2290601_50,chr1,2290601,2340601,25000,50,Read_Length
chr1_2290601_60,chr1,2290601,2340601,20833,60,Read_Length
chr1_2290601_70,chr1,2290601,2340601,17857,70,Read_Length
chr1_2290601_80,chr1,2290601,2340601,15625,80,Read_Length
chr1_2290601_90,chr1,2290601,2340601,13889,90,Read_Length
chr1_2290601_100,chr1,2290601,2340601,12500,100,Read_Length
chr1_2290601_110,chr1,2290601,2340601,11364,110,Read_Length
chr1_2290601_120,chr1,2290601,2340601,10417,120,Read_Length
chr1_2290601_130,chr1,2290601,2340601,9615,130,Read_Length
chr1_2290601_140,chr1,2290601,2340601,8929,140,Read_Length
chr1_2290601_150,chr1,2290601,2340601,8333,150,Read_Length
chr17_125722_40,chr17,125722,175722,31250,40,Read_Length
chr17_125722_50,chr17,125722,175722,25000,50,Read_Length
chr17_125722_60,chr17,125722,175722,20833,60,Read_Length
chr17_125722_70,chr17,125722,175722,17857,70,Read_Length
chr17_125722_80,chr17,125722,175722,15625,80,Read_Length
chr17_125722_90,chr17,125722,175722,13889,90,Read_Length
chr17_125722_100,chr17,125722,175722,12500,100,Read_Length
chr17_125722_110,chr17,125722,175722,11364,110,Read_Length
chr17_125722_120,chr17,125722,175722,10417,120,Read_Length
chr17_125722_130,chr17,125722,175722,9615,130,Read_Length
chr17_125722_140,chr17,125722,175722,8929,140,Read_Length
chr17_125722_150,chr17,125722,175722,8333,150,Read_Length
chr12_1987311_40,chr12,1987311,2037311,31250,40,Read_Length
chr12_1987311_50,chr12,1987311,2037311,25000,50,Read_Length
chr12_1987311_60,chr12,1987311,2037311,20833,60,Read_Length
chr12_1987311_70,chr12,1987311,2037311,17857,70,Read_Length
chr12_1987311_80,chr12,1987311,2037311,15625,80,Read_Length
chr12_1987311_90,chr12,1987311,2037311,13889,90,Read_Length
chr12_1987311_100,chr12,1987311,2037311,12500,100,Read_Length
chr12_1987311_110,chr12,1987311,2037311,11364,110,Read_Length
chr12_1987311_120,chr12,1987311,2037311,10417,120,Read_Length
chr12_1987311_130,chr12,1987311,2037311,9615,130,Read_Length
chr12_1987311_140,chr12,1987311,2037311,8929,140,Read_Length
chr12_1987311_150,chr12,1987311,2037311,8333,150,Read_Length
chr1_635841_40,chr1,635841,685841,31250,40,Read_Length
chr1_635841_50,chr1,635841,685841,25000,50,Read_Length
chr1_635841_60,chr1,635841,685841,20833,60,Read_Length
chr1_635841_70,chr1,635841,685841,17857,70,Read_Length
chr1_635841_80,chr1,635841,685841,15625,80,Read_Length
chr1_635841_90,chr1,635841,685841,13889,90,Read_Length
chr1_635841_100,chr1,635841,685841,12500,100,Read_Length
chr1_635841_110,chr1,635841,685841,11364,110,Read_Length
chr1_635841_120,chr1,635841,685841,10417,120,Read_Length
chr1_635841_130,chr1,635841,685841,9615,130,Read_Length
chr1_635841_140,chr1,635841,685841,8929,140,Read_Length
chr1_635841_150,chr1,635841,685841,8333,150,Read_Length
chr16_1906277_40,chr16,1906277,1956277,31250,40,Read_Length
chr16_1906277_50,chr16,1906277,1956277,25000,50,Read_Length
chr16_1906277_60,chr16,1906277,1956277,20833,60,Read_Length
chr16_1906277_70,chr16,1906277,1956277,17857,70,Read_Length
chr16_1906277_80,chr16,1906277,1956277,15625,80,Read_Length
chr16_1906277_90,chr16,1906277,1956277,13889,90,Read_Length
chr16_1906277_100,chr16,1906277,1956277,12500,100,Read_Length
chr16_1906277_110,chr16,1906277,1956277,11364,110,Read_Length
chr16_1906277_120,chr16,1906277,1956277,10417,120,Read_Length
chr16_1906277_130,chr16,1906277,1956277,9615,130,Read_Length
chr16_1906277_140,chr16,1906277,1956277,8929,140,Read_Length
chr16_1906277_150,chr16,1906277,1956277,8333,150,Read_Length
chr12_757310_40,chr12,757310,807310,31250,40,Read_Length
chr12_757310_50,chr12,757310,807310,25000,50,Read_Length
chr12_757310_60,chr12,757310,807310,20833,60,Read_Length
chr12_757310_70,chr12,757310,807310,17857,70,Read_Length
chr12_757310_80,chr12,757310,807310,15625,80,Read_Length
chr12_757310_90,chr12,757310,807310,13889,90,Read_Length
chr12_757310_100,chr12,757310,807310,12500,100,Read_Length
chr12_757310_110,chr12,757310,807310,11364,110,Read_Length
chr12_757310_120,chr12,757310,807310,10417,120,Read_Length
chr12_757310_130,chr12,757310,807310,9615,130,Read_Length
chr12_757310_140,chr12,757310,807310,8929,140,Read_Length
chr12_757310_150,chr12,757310,807310,8333,150,Read_Length
chr1_2536241_40,chr1,2536241,2586241,31250,40,Read_Length
chr1_2536241_50,chr1,2536241,2586241,25000,50,Read_Length
chr1_2536241_60,chr1,2536241,2586241,20833,60,Read_Length
chr1_2536241_70,chr1,2536241,2586241,17857,70,Read_Length
chr1_2536241_80,chr1,2536241,2586241,15625,80,Read_Length
chr1_2536241_90,chr1,2536241,2586241,13889,90,Read_Length
chr1_2536241_100,chr1,2536241,2586241,12500,100,Read_Length
chr1_2536241_110,chr1,2536241,2586241,11364,110,Read_Length
chr1_2536241_120,chr1,2536241,2586241,10417,120,Read_Length
chr1_2536241_130,chr1,2536241,2586241,9615,130,Read_Length
chr1_2536241_140,chr1,2536241,2586241,8929,140,Read_Length
chr1_2536241_150,chr1,2536241,2586241,8333,150,Read_Length
chr5_1555670_40,chr5,1555670,1605670,31250,40,Read_Length
chr5_1555670_50,chr5,1555670,1605670,25000,50,Read_Length
chr5_1555670_60,chr5,1555670,1605670,20833,60,Read_Length
chr5_1555670_70,chr5,1555670,1605670,17857,70,Read_Length
chr5_1555670_80,chr5,1555670,1605670,15625,80,Read_Length
chr5_1555670_90,chr5,1555670,1605670,13889,90,Read_Length
chr5_1555670_100,chr5,1555670,1605670,12500,100,Read_Length
chr5_1555670_110,chr5,1555670,1605670,11364,110,Read_Length
chr5_1555670_120,chr5,1555670,1605670,10417,120,Read_Length
chr5_1555670_130,chr5,1555670,1605670,9615,130,Read_Length
chr5_1555670_140,chr5,1555670,1605670,8929,140,Read_Length
chr5_1555670_150,chr5,1555670,1605670,8333,150,Read_Length
chr8_2121033_40,chr8,2121033,2171033,31250,40,Read_Length
chr8_2121033_50,chr8,2121033,2171033,25000,50,Read_Length
chr8_2121033_60,chr8,2121033,2171033,20833,60,Read_Length
chr8_2121033_70,chr8,2121033,2171033,17857,70,Read_Length
chr8_2121033_80,chr8,2121033,2171033,15625,80,Read_Length
chr8_2121033_90,chr8,2121033,2171033,13889,90,Read_Length
chr8_2121033_100,chr8,2121033,2171033,12500,100,Read_Length
chr8_2121033_110,chr8,2121033,2171033,11364,110,Read_Length
chr8_2121033_120,chr8,2121033,2171033,10417,120,Read_Length
chr8_2121033_130,chr8,2121033,2171033,9615,130,Read_Length
chr8_2121033_140,chr8,2121033,2171033,8929,140,Read_Length
chr8_2121033_150,chr8,2121033,2171033,8333,150,Read_Length
chr19_762427_40,chr19,762427,812427,31250,40,Read_Length
chr19_762427_50,chr19,762427,812427,25000,50,Read_Length
chr19_762427_60,chr19,762427,812427,20833,60,Read_Length
chr19_762427_70,chr19,762427,812427,17857,70,Read_Length
chr19_762427_80,chr19,762427,812427,15625,80,Read_Length
chr19_762427_90,chr19,762427,812427,13889,90,Read_Length
chr19_762427_100,chr19,762427,812427,12500,100,Read_Length
chr19_762427_110,chr19,762427,812427,11364,110,Read_Length
chr19_762427_120,chr19,762427,812427,10417,120,Read_Length
chr19_762427_130,chr19,762427,812427,9615,130,Read_Length
chr19_762427_140,chr19,762427,812427,8929,140,Read_Length
chr19_762427_150,chr19,762427,812427,8333,150,Read_Length
chr10_93241_40,chr10,93241,143241,31250,40,Read_Length
chr10_93241_50,chr10,93241,143241,25000,50,Read_Length
chr10_93241_60,chr10,93241,143241,20833,60,Read_Length
chr10_93241_70,chr10,93241,143241,17857,70,Read_Length
chr10_93241_80,chr10,93241,143241,15625,80,Read_Length
chr10_93241_90,chr10,93241,143241,13889,90,Read_Length
chr10_93241_100,chr10,93241,143241,12500,100,Read_Length
chr10_93241_110,chr10,93241,143241,11364,110,Read_Length
chr10_93241_120,chr10,93241,143241,10417,120,Read_Length
chr10_93241_130,chr10,93241,143241,9615,130,Read_Length
chr10_93241_140,chr10,93241,143241,8929,140,Read_Length
chr10_93241_150,chr10,93241,143241,8333,150,Read_Length
chr6_2560996_40,chr6,2560996,2610996,31250,40,Read_Length
chr6_2560996_50,chr6,2560996,2610996,25000,50,Read_Length
chr6_2560996_60,chr6,2560996,2610996,20833,60,Read_Length
chr6_2560996_70,chr6,2560996,2610996,17857,70,Read_Length
chr6_2560996_80,chr6,2560996,2610996,15625,80,Read_Length
chr6_2560996_90,chr6,2560996,2610996,13889,90,Read_Length
chr6_2560996_100,chr6,2560996,2610996,12500,100,Read_Length
chr6_2560996_110,chr6,2560996,2610996,11364,110,Read_Length
chr6_2560996_120,chr6,2560996,2610996,10417,120,Read_Length
chr6_2560996_130,chr6,2560996,2610996,9615,130,Read_Length
chr6_2560996_140,chr6,2560996,2610996,8929,140,Read_Length
chr6_2560996_150,chr6,2560996,2610996,8333,150,Read_Length
chr6_1951998_40,chr6,1951998,2001998,31250,40,Read_Length
chr6_1951998_50,chr6,1951998,2001998,25000,50,Read_Length
chr6_1951998_60,chr6,1951998,2001998,20833,60,Read_Length
chr6_1951998_70,chr6,1951998,2001998,17857,70,Read_Length
chr6_1951998_80,chr6,1951998,2001998,15625,80,Read_Length
chr6_1951998_90,chr6,1951998,2001998,13889,90,Read_Length
chr6_1951998_100,chr6,1951998,2001998,12500,100,Read_Length
chr6_1951998_110,chr6,1951998,2001998,11364,110,Read_Length
chr6_1951998_120,chr6,1951998,2001998,10417,120,Read_Length
chr6_1951998_130,chr6,1951998,2001998,9615,130,Read_Length
chr6_1951998_140,chr6,1951998,2001998,8929,140,Read_Length
chr6_1951998_150,chr6,1951998,2001998,8333,150,Read_Length
chr11_537687_40,chr11,537687,587687,31250,40,Read_Length
chr11_537687_50,chr11,537687,587687,25000,50,Read_Length
chr11_537687_60,chr11,537687,587687,20833,60,Read_Length
chr11_537687_70,chr11,537687,587687,17857,70,Read_Length
chr11_537687_80,chr11,537687,587687,15625,80,Read_Length
chr11_537687_90,chr11,537687,587687,13889,90,Read_Length
chr11_537687_100,chr11,537687,587687,12500,100,Read_Length
chr11_537687_110,chr11,537687,587687,11364,110,Read_Length
chr11_537687_120,chr11,537687,587687,10417,120,Read_Length
chr11_537687_130,chr11,537687,587687,9615,130,Read_Length
chr11_537687_140,chr11,537687,587687,8929,140,Read_Length
chr11_537687_150,chr11,537687,587687,8333,150,Read_Length
chr5_806941_40,chr5,806941,856941,31250,40,Read_Length
chr5_806941_50,chr5,806941,856941,25000,50,Read_Length
chr5_806941_60,chr5,806941,856941,20833,60,Read_Length
chr5_806941_70,chr5,806941,856941,17857,70,Read_Length
chr5_806941_80,chr5,806941,856941,15625,80,Read_Length
chr5_806941_90,chr5,806941,856941,13889,90,Read_Length
chr5_806941_100,chr5,806941,856941,12500,100,Read_Length
chr5_806941_110,chr5,806941,856941,11364,110,Read_Length
chr5_806941_120,chr5,806941,856941,10417,120,Read_Length
chr5_806941_130,chr5,806941,856941,9615,130,Read_Length
chr5_806941_140,chr5,806941,856941,8929,140,Read_Length
chr5_806941_150,chr5,806941,856941,8333,150,Read_Length
chr5_638288_40,chr5,638288,688288,31250,40,Read_Length
chr5_638288_50,chr5,638288,688288,25000,50,Read_Length
chr5_638288_60,chr5,638288,688288,20833,60,Read_Length
chr5_638288_70,chr5,638288,688288,17857,70,Read_Length
chr5_638288_80,chr5,638288,688288,15625,80,Read_Length
chr5_638288_90,chr5,638288,688288,13889,90,Read_Length
chr5_638288_100,chr5,638288,688288,12500,100,Read_Length
chr5_638288_110,chr5,638288,688288,11364,110,Read_Length
chr5_638288_120,chr5,638288,688288,10417,120,Read_Length
chr5_638288_130,chr5,638288,688288,9615,130,Read_Length
chr5_638288_140,chr5,638288,688288,8929,140,Read_Length
chr5_638288_150,chr5,638288,688288,8333,150,Read_Length
chr8_1864167_40,chr8,1864167,1914167,31250,40,Read_Length
chr8_1864167_50,chr8,1864167,1914167,25000,50,Read_Length
chr8_1864167_60,chr8,1864167,1914167,20833,60,Read_Length
chr8_1864167_70,chr8,1864167,1914167,17857,70,Read_Length
chr8_1864167_80,chr8,1864167,1914167,15625,80,Read_Length
chr8_1864167_90,chr8,1864167,1914167,13889,90,Read_Length
chr8_1864167_100,chr8,1864167,1914167,12500,100,Read_Length
chr8_1864167_110,chr8,1864167,1914167,11364,110,Read_Length
chr8_1864167_120,chr8,1864167,1914167,10417,120,Read_Length
chr8_1864167_130,chr8,1864167,1914167,9615,130,Read_Length
chr8_1864167_140,chr8,1864167,1914167,8929,140,Read_Length
chr8_1864167_150,chr8,1864167,1914167,8333,150,Read_Length
chr1_3995765_40,chr1,3995765,4045765,31250,40,Read_Length
chr1_3995765_50,chr1,3995765,4045765,25000,50,Read_Length
chr1_3995765_60,chr1,3995765,4045765,20833,60,Read_Length
chr1_3995765_70,chr1,3995765,4045765,17857,70,Read_Length
chr1_3995765_80,chr1,3995765,4045765,15625,80,Read_Length
chr1_3995765_90,chr1,3995765,4045765,13889,90,Read_Length
chr1_3995765_100,chr1,3995765,4045765,12500,100,Read_Length
chr1_3995765_110,chr1,3995765,4045765,11364,110,Read_Length
chr1_3995765_120,chr1,3995765,4045765,10417,120,Read_Length
chr1_3995765_130,chr1,3995765,4045765,9615,130,Read_Length
chr1_3995765_140,chr1,3995765,4045765,8929,140,Read_Length
chr1_3995765_150,chr1,3995765,4045765,8333,150,Read_Length
chr19_1252252_40,chr19,1252252,1302252,31250,40,Read_Length
chr19_1252252_50,chr19,1252252,1302252,25000,50,Read_Length
chr19_1252252_60,chr19,1252252,1302252,20833,60,Read_Length
chr19_1252252_70,chr19,1252252,1302252,17857,70,Read_Length
chr19_1252252_80,chr19,1252252,1302252,15625,80,Read_Length
chr19_1252252_90,chr19,1252252,1302252,13889,90,Read_Length
chr19_1252252_100,chr19,1252252,1302252,12500,100,Read_Length
chr19_1252252_110,chr19,1252252,1302252,11364,110,Read_Length
chr19_1252252_120,chr19,1252252,1302252,10417,120,Read_Length
chr19_1252252_130,chr19,1252252,1302252,9615,130,Read_Length
chr19_1252252_140,chr19,1252252,1302252,8929,140,Read_Length
chr19_1252252_150,chr19,1252252,1302252,8333,150,Read_Length
chr2_4244045_40,chr2,4244045,4294045,31250,40,Read_Length
chr2_4244045_50,chr2,4244045,4294045,25000,50,Read_Length
chr2_4244045_60,chr2,4244045,4294045,20833,60,Read_Length
chr2_4244045_70,chr2,4244045,4294045,17857,70,Read_Length
chr2_4244045_80,chr2,4244045,4294045,15625,80,Read_Length
chr2_4244045_90,chr2,4244045,4294045,13889,90,Read_Length
chr2_4244045_100,chr2,4244045,4294045,12500,100,Read_Length
chr2_4244045_110,chr2,4244045,4294045,11364,110,Read_Length
chr2_4244045_120,chr2,4244045,4294045,10417,120,Read_Length
chr2_4244045_130,chr2,4244045,4294045,9615,130,Read_Length
chr2_4244045_140,chr2,4244045,4294045,8929,140,Read_Length
chr2_4244045_150,chr2,4244045,4294045,8333,150,Read_Length
chr7_36672_40,chr7,36672,86672,31250,40,Read_Length
chr7_36672_50,chr7,36672,86672,25000,50,Read_Length
chr7_36672_60,chr7,36672,86672,20833,60,Read_Length
chr7_36672_70,chr7,36672,86672,17857,70,Read_Length
chr7_36672_80,chr7,36672,86672,15625,80,Read_Length
chr7_36672_90,chr7,36672,86672,13889,90,Read_Length
chr7_36672_100,chr7,36672,86672,12500,100,Read_Length
chr7_36672_110,chr7,36672,86672,11364,110,Read_Length
chr7_36672_120,chr7,36672,86672,10417,120,Read_Length
chr7_36672_130,chr7,36672,86672,9615,130,Read_Length
chr7_36672_140,chr7,36672,86672,8929,140,Read_Length
chr7_36672_150,chr7,36672,86672,8333,150,Read_Length
chr3_1864956_40,chr3,1864956,1914956,31250,40,Read_Length
chr3_1864956_50,chr3,1864956,1914956,25000,50,Read_Length
chr3_1864956_60,chr3,1864956,1914956,20833,60,Read_Length
chr3_1864956_70,chr3,1864956,1914956,17857,70,Read_Length
chr3_1864956_80,chr3,1864956,1914956,15625,80,Read_Length
chr3_1864956_90,chr3,1864956,1914956,13889,90,Read_Length
chr3_1864956_100,chr3,1864956,1914956,12500,100,Read_Length
chr3_1864956_110,chr3,1864956,1914956,11364,110,Read_Length
chr3_1864956_120,chr3,1864956,1914956,10417,120,Read_Length
chr3_1864956_130,chr3,1864956,1914956,9615,130,Read_Length
chr3_1864956_140,chr3,1864956,1914956,8929,140,Read_Length
chr3_1864956_150,chr3,1864956,1914956,8333,150,Read_Length
chr9_1168337_40,chr9,1168337,1218337,31250,40,Read_Length
chr9_1168337_50,chr9,1168337,1218337,25000,50,Read_Length
chr9_1168337_60,chr9,1168337,1218337,20833,60,Read_Length
chr9_1168337_70,chr9,1168337,1218337,17857,70,Read_Length
chr9_1168337_80,chr9,1168337,1218337,15625,80,Read_Length
chr9_1168337_90,chr9,1168337,1218337,13889,90,Read_Length
chr9_1168337_100,chr9,1168337,1218337,12500,100,Read_Length
chr9_1168337_110,chr9,1168337,1218337,11364,110,Read_Length
chr9_1168337_120,chr9,1168337,1218337,10417,120,Read_Length
chr9_1168337_130,chr9,1168337,1218337,9615,130,Read_Length
chr9_1168337_140,chr9,1168337,1218337,8929,140,Read_Length
chr9_1168337_150,chr9,1168337,1218337,8333,150,Read_Length
chr4_2156154_40,chr4,2156154,2206154,31250,40,Read_Length
chr4_2156154_50,chr4,2156154,2206154,25000,50,Read_Length
chr4_2156154_60,chr4,2156154,2206154,20833,60,Read_Length
chr4_2156154_70,chr4,2156154,2206154,17857,70,Read_Length
chr4_2156154_80,chr4,2156154,2206154,15625,80,Read_Length
chr4_2156154_90,chr4,2156154,2206154,13889,90,Read_Length
chr4_2156154_100,chr4,2156154,2206154,12500,100,Read_Length
chr4_2156154_110,chr4,2156154,2206154,11364,110,Read_Length
chr4_2156154_120,chr4,2156154,2206154,10417,120,Read_Length
chr4_2156154_130,chr4,2156154,2206154,9615,130,Read_Length
chr4_2156154_140,chr4,2156154,2206154,8929,140,Read_Length
chr4_2156154_150,chr4,2156154,2206154,8333,150,Read_Length
chr1_84035_40,chr1,84035,134035,31250,40,Read_Length
chr1_84035_50,chr1,84035,134035,25000,50,Read_Length
chr1_84035_60,chr1,84035,134035,20833,60,Read_Length
chr1_84035_70,chr1,84035,134035,17857,70,Read_Length
chr1_84035_80,chr1,84035,134035,15625,80,Read_Length
chr1_84035_90,chr1,84035,134035,13889,90,Read_Length
chr1_84035_100,chr1,84035,134035,12500,100,Read_Length
chr1_84035_110,chr1,84035,134035,11364,110,Read_Length
chr1_84035_120,chr1,84035,134035,10417,120,Read_Length
chr1_84035_130,chr1,84035,134035,9615,130,Read_Length
chr1_84035_140,chr1,84035,134035,8929,140,Read_Length
chr1_84035_150,chr1,84035,134035,8333,150,Read_Length
chr5_1205008_40,chr5,1205008,1255008,31250,40,Read_Length
chr5_1205008_50,chr5,1205008,1255008,25000,50,Read_Length
chr5_1205008_60,chr5,1205008,1255008,20833,60,Read_Length
chr5_1205008_70,chr5,1205008,1255008,17857,70,Read_Length
chr5_1205008_80,chr5,1205008,1255008,15625,80,Read_Length
chr5_1205008_90,chr5,1205008,1255008,13889,90,Read_Length
chr5_1205008_100,chr5,1205008,1255008,12500,100,Read_Length
chr5_1205008_110,chr5,1205008,1255008,11364,110,Read_Length
chr5_1205008_120,chr5,1205008,1255008,10417,120,Read_Length
chr5_1205008_130,chr5,1205008,1255008,9615,130,Read_Length
chr5_1205008_140,chr5,1205008,1255008,8929,140,Read_Length
chr5_1205008_150,chr5,1205008,1255008,8333,150,Read_Length
chr20_412273_40,chr20,412273,462273,31250,40,Read_Length
chr20_412273_50,chr20,412273,462273,25000,50,Read_Length
chr20_412273_60,chr20,412273,462273,20833,60,Read_Length
chr20_412273_70,chr20,412273,462273,17857,70,Read_Length
chr20_412273_80,chr20,412273,462273,15625,80,Read_Length
chr20_412273_90,chr20,412273,462273,13889,90,Read_Length
chr20_412273_100,chr20,412273,462273,12500,100,Read_Length
chr20_412273_110,chr20,412273,462273,11364,110,Read_Length
chr20_412273_120,chr20,412273,462273,10417,120,Read_Length
chr20_412273_130,chr20,412273,462273,9615,130,Read_Length
chr20_412273_140,chr20,412273,462273,8929,140,Read_Length
chr20_412273_150,chr20,412273,462273,8333,150,Read_Length
chr10_1361853_40,chr10,1361853,1411853,31250,40,Read_Length
chr10_1361853_50,chr10,1361853,1411853,25000,50,Read_Length
chr10_1361853_60,chr10,1361853,1411853,20833,60,Read_Length
chr10_1361853_70,chr10,1361853,1411853,17857,70,Read_Length
chr10_1361853_80,chr10,1361853,1411853,15625,80,Read_Length
chr10_1361853_90,chr10,1361853,1411853,13889,90,Read_Length
chr10_1361853_100,chr10,1361853,1411853,12500,100,Read_Length
chr10_1361853_110,chr10,1361853,1411853,11364,110,Read_Length
chr10_1361853_120,chr10,1361853,1411853,10417,120,Read_Length
chr10_1361853_130,chr10,1361853,1411853,9615,130,Read_Length
chr10_1361853_140,chr10,1361853,1411853,8929,140,Read_Length
chr10_1361853_150,chr10,1361853,1411853,8333,150,Read_Length
chr9_327935_40,chr9,327935,377935,31250,40,Read_Length
chr9_327935_50,chr9,327935,377935,25000,50,Read_Length
chr9_327935_60,chr9,327935,377935,20833,60,Read_Length
chr9_327935_70,chr9,327935,377935,17857,70,Read_Length
chr9_327935_80,chr9,327935,377935,15625,80,Read_Length
chr9_327935_90,chr9,327935,377935,13889,90,Read_Length
chr9_327935_100,chr9,327935,377935,12500,100,Read_Length
chr9_327935_110,chr9,327935,377935,11364,110,Read_Length
chr9_327935_120,chr9,327935,377935,10417,120,Read_Length
chr9_327935_130,chr9,327935,377935,9615,130,Read_Length
chr9_327935_140,chr9,327935,377935,8929,140,Read_Length
chr9_327935_150,chr9,327935,377935,8333,150,Read_Length
chr9_435577_40,chr9,435577,485577,31250,40,Read_Length
chr9_435577_50,chr9,435577,485577,25000,50,Read_Length
chr9_435577_60,chr9,435577,485577,20833,60,Read_Length
chr9_435577_70,chr9,435577,485577,17857,70,Read_Length
chr9_435577_80,chr9,435577,485577,15625,80,Read_Length
chr9_435577_90,chr9,435577,485577,13889,90,Read_Length
chr9_435577_100,chr9,435577,485577,12500,100,Read_Length
chr9_435577_110,chr9,435577,485577,11364,110,Read_Length
chr9_435577_120,chr9,435577,485577,10417,120,Read_Length
chr9_435577_130,chr9,435577,485577,9615,130,Read_Length
chr9_435577_140,chr9,435577,485577,8929,140,Read_Length
chr9_435577_150,chr9,435577,485577,8333,150,Read_Length
chr19_1006117_40,chr19,1006117,1056117,31250,40,Read_Length
chr19_1006117_50,chr19,1006117,1056117,25000,50,Read_Length
chr19_1006117_60,chr19,1006117,1056117,20833,60,Read_Length
chr19_1006117_70,chr19,1006117,1056117,17857,70,Read_Length
chr19_1006117_80,chr19,1006117,1056117,15625,80,Read_Length
chr19_1006117_90,chr19,1006117,1056117,13889,90,Read_Length
chr19_1006117_100,chr19,1006117,1056117,12500,100,Read_Length
chr19_1006117_110,chr19,1006117,1056117,11364,110,Read_Length
chr19_1006117_120,chr19,1006117,1056117,10417,120,Read_Length
chr19_1006117_130,chr19,1006117,1056117,9615,130,Read_Length
chr19_1006117_140,chr19,1006117,1056117,8929,140,Read_Length
chr19_1006117_150,chr19,1006117,1056117,8333,150,Read_Length
chr9_608485_40,chr9,608485,658485,31250,40,Read_Length
chr9_608485_50,chr9,608485,658485,25000,50,Read_Length
chr9_608485_60,chr9,608485,658485,20833,60,Read_Length
chr9_608485_70,chr9,608485,658485,17857,70,Read_Length
chr9_608485_80,chr9,608485,658485,15625,80,Read_Length
chr9_608485_90,chr9,608485,658485,13889,90,Read_Length
chr9_608485_100,chr9,608485,658485,12500,100,Read_Length
chr9_608485_110,chr9,608485,658485,11364,110,Read_Length
chr9_608485_120,chr9,608485,658485,10417,120,Read_Length
chr9_608485_130,chr9,608485,658485,9615,130,Read_Length
chr9_608485_140,chr9,608485,658485,8929,140,Read_Length
chr9_608485_150,chr9,608485,658485,8333,150,Read_Length
chr19_2102775_40,chr19,2102775,2152775,31250,40,Read_Length
chr19_2102775_50,chr19,2102775,2152775,25000,50,Read_Length
chr19_2102775_60,chr19,2102775,2152775,20833,60,Read_Length
chr19_2102775_70,chr19,2102775,2152775,17857,70,Read_Length
chr19_2102775_80,chr19,2102775,2152775,15625,80,Read_Length
chr19_2102775_90,chr19,2102775,2152775,13889,90,Read_Length
chr19_2102775_100,chr19,2102775,2152775,12500,100,Read_Length
chr19_2102775_110,chr19,2102775,2152775,11364,110,Read_Length
chr19_2102775_120,chr19,2102775,2152775,10417,120,Read_Length
chr19_2102775_130,chr19,2102775,2152775,9615,130,Read_Length
chr19_2102775_140,chr19,2102775,2152775,8929,140,Read_Length
chr19_2102775_150,chr19,2102775,2152775,8333,150,Read_Length
chr7_1982283_40,chr7,1982283,2032283,31250,40,Read_Length
chr7_1982283_50,chr7,1982283,2032283,25000,50,Read_Length
chr7_1982283_60,chr7,1982283,2032283,20833,60,Read_Length
chr7_1982283_70,chr7,1982283,2032283,17857,70,Read_Length
chr7_1982283_80,chr7,1982283,2032283,15625,80,Read_Length
chr7_1982283_90,chr7,1982283,2032283,13889,90,Read_Length
chr7_1982283_100,chr7,1982283,2032283,12500,100,Read_Length
chr7_1982283_110,chr7,1982283,2032283,11364,110,Read_Length
chr7_1982283_120,chr7,1982283,2032283,10417,120,Read_Length
chr7_1982283_130,chr7,1982283,2032283,9615,130,Read_Length
chr7_1982283_140,chr7,1982283,2032283,8929,140,Read_Length
chr7_1982283_150,chr7,1982283,2032283,8333,150,Read_Length
chr5_2926792_40,chr5,2926792,2976792,31250,40,Read_Length
chr5_2926792_50,chr5,2926792,2976792,25000,50,Read_Length
chr5_2926792_60,chr5,2926792,2976792,20833,60,Read_Length
chr5_2926792_70,chr5,2926792,2976792,17857,70,Read_Length
chr5_2926792_80,chr5,2926792,2976792,15625,80,Read_Length
chr5_2926792_90,chr5,2926792,2976792,13889,90,Read_Length
chr5_2926792_100,chr5,2926792,2976792,12500,100,Read_Length
chr5_2926792_110,chr5,2926792,2976792,11364,110,Read_Length
chr5_2926792_120,chr5,2926792,2976792,10417,120,Read_Length
chr5_2926792_130,chr5,2926792,2976792,9615,130,Read_Length
chr5_2926792_140,chr5,2926792,2976792,8929,140,Read_Length
chr5_2926792_150,chr5,2926792,2976792,8333,150,Read_Length
chr17_1159100_40,chr17,1159100,1209100,31250,40,Read_Length
chr17_1159100_50,chr17,1159100,1209100,25000,50,Read_Length
chr17_1159100_60,chr17,1159100,1209100,20833,60,Read_Length
chr17_1159100_70,chr17,1159100,1209100,17857,70,Read_Length
chr17_1159100_80,chr17,1159100,1209100,15625,80,Read_Length
chr17_1159100_90,chr17,1159100,1209100,13889,90,Read_Length
chr17_1159100_100,chr17,1159100,1209100,12500,100,Read_Length
chr17_1159100_110,chr17,1159100,1209100,11364,110,Read_Length
chr17_1159100_120,chr17,1159100,1209100,10417,120,Read_Length
chr17_1159100_130,chr17,1159100,1209100,9615,130,Read_Length
chr17_1159100_140,chr17,1159100,1209100,8929,140,Read_Length
chr17_1159100_150,chr17,1159100,1209100,8333,150,Read_Length
chr20_648541_40,chr20,648541,698541,31250,40,Read_Length
chr20_648541_50,chr20,648541,698541,25000,50,Read_Length
chr20_648541_60,chr20,648541,698541,20833,60,Read_Length
chr20_648541_70,chr20,648541,698541,17857,70,Read_Length
chr20_648541_80,chr20,648541,698541,15625,80,Read_Length
chr20_648541_90,chr20,648541,698541,13889,90,Read_Length
chr20_648541_100,chr20,648541,698541,12500,100,Read_Length
chr20_648541_110,chr20,648541,698541,11364,110,Read_Length
chr20_648541_120,chr20,648541,698541,10417,120,Read_Length
chr20_648541_130,chr20,648541,698541,9615,130,Read_Length
chr20_648541_140,chr20,648541,698541,8929,140,Read_Length
chr20_648541_150,chr20,648541,698541,8333,150,Read_Length
chr6_2615062_40,chr6,2615062,2665062,31250,40,Read_Length
chr6_2615062_50,chr6,2615062,2665062,25000,50,Read_Length
chr6_2615062_60,chr6,2615062,2665062,20833,60,Read_Length
chr6_2615062_70,chr6,2615062,2665062,17857,70,Read_Length
chr6_2615062_80,chr6,2615062,2665062,15625,80,Read_Length
chr6_2615062_90,chr6,2615062,2665062,13889,90,Read_Length
chr6_2615062_100,chr6,2615062,2665062,12500,100,Read_Length
chr6_2615062_110,chr6,2615062,2665062,11364,110,Read_Length
chr6_2615062_120,chr6,2615062,2665062,10417,120,Read_Length
chr6_2615062_130,chr6,2615062,2665062,9615,130,Read_Length
chr6_2615062_140,chr6,2615062,2665062,8929,140,Read_Length
chr6_2615062_150,chr6,2615062,2665062,8333,150,Read_Length
chr2_2429456_40,chr2,2429456,2479456,31250,40,Read_Length
chr2_2429456_50,chr2,2429456,2479456,25000,50,Read_Length
chr2_2429456_60,chr2,2429456,2479456,20833,60,Read_Length
chr2_2429456_70,chr2,2429456,2479456,17857,70,Read_Length
chr2_2429456_80,chr2,2429456,2479456,15625,80,Read_Length
chr2_2429456_90,chr2,2429456,2479456,13889,90,Read_Length
chr2_2429456_100,chr2,2429456,2479456,12500,100,Read_Length
chr2_2429456_110,chr2,2429456,2479456,11364,110,Read_Length
chr2_2429456_120,chr2,2429456,2479456,10417,120,Read_Length
chr2_2429456_130,chr2,2429456,2479456,9615,130,Read_Length
chr2_2429456_140,chr2,2429456,2479456,8929,140,Read_Length
chr2_2429456_150,chr2,2429456,2479456,8333,150,Read_Length
chr2_3226662_40,chr2,3226662,3276662,31250,40,Read_Length
chr2_3226662_50,chr2,3226662,3276662,25000,50,Read_Length
chr2_3226662_60,chr2,3226662,3276662,20833,60,Read_Length
chr2_3226662_70,chr2,3226662,3276662,17857,70,Read_Length
chr2_3226662_80,chr2,3226662,3276662,15625,80,Read_Length
chr2_3226662_90,chr2,3226662,3276662,13889,90,Read_Length
chr2_3226662_100,chr2,3226662,3276662,12500,100,Read_Length
chr2_3226662_110,chr2,3226662,3276662,11364,110,Read_Length
chr2_3226662_120,chr2,3226662,3276662,10417,120,Read_Length
chr2_3226662_130,chr2,3226662,3276662,9615,130,Read_Length
chr2_3226662_140,chr2,3226662,3276662,8929,140,Read_Length
chr2_3226662_150,chr2,3226662,3276662,8333,150,Read_Length
chr5_878588_40,chr5,878588,928588,31250,40,Read_Length
chr5_878588_50,chr5,878588,928588,25000,50,Read_Length
chr5_878588_60,chr5,878588,928588,20833,60,Read_Length
chr5_878588_70,chr5,878588,928588,17857,70,Read_Length
chr5_878588_80,chr5,878588,928588,15625,80,Read_Length
chr5_878588_90,chr5,878588,928588,13889,90,Read_Length
chr5_878588_100,chr5,878588,928588,12500,100,Read_Length
chr5_878588_110,chr5,878588,928588,11364,110,Read_Length
chr5_878588_120,chr5,878588,928588,10417,120,Read_Length
chr5_878588_130,chr5,878588,928588,9615,130,Read_Length
chr5_878588_140,chr5,878588,928588,8929,140,Read_Length
chr5_878588_150,chr5,878588,928588,8333,150,Read_Length
chr11_1534159_40,chr11,1534159,1584159,31250,40,Read_Length
chr11_1534159_50,chr11,1534159,1584159,25000,50,Read_Length
chr11_1534159_60,chr11,1534159,1584159,20833,60,Read_Length
chr11_1534159_70,chr11,1534159,1584159,17857,70,Read_Length
chr11_1534159_80,chr11,1534159,1584159,15625,80,Read_Length
chr11_1534159_90,chr11,1534159,1584159,13889,90,Read_Length
chr11_1534159_100,chr11,1534159,1584159,12500,100,Read_Length
chr11_1534159_110,chr11,1534159,1584159,11364,110,Read_Length
chr11_1534159_120,chr11,1534159,1584159,10417,120,Read_Length
chr11_1534159_130,chr11,1534159,1584159,9615,130,Read_Length
chr11_1534159_140,chr11,1534159,1584159,8929,140,Read_Length
chr11_1534159_150,chr11,1534159,1584159,8333,150,Read_Length
chr6_2491389_40,chr6,2491389,2541389,31250,40,Read_Length
chr6_2491389_50,chr6,2491389,2541389,25000,50,Read_Length
chr6_2491389_60,chr6,2491389,2541389,20833,60,Read_Length
chr6_2491389_70,chr6,2491389,2541389,17857,70,Read_Length
chr6_2491389_80,chr6,2491389,2541389,15625,80,Read_Length
chr6_2491389_90,chr6,2491389,2541389,13889,90,Read_Length
chr6_2491389_100,chr6,2491389,2541389,12500,100,Read_Length
chr6_2491389_110,chr6,2491389,2541389,11364,110,Read_Length
chr6_2491389_120,chr6,2491389,2541389,10417,120,Read_Length
chr6_2491389_130,chr6,2491389,2541389,9615,130,Read_Length
chr6_2491389_140,chr6,2491389,2541389,8929,140,Read_Length
chr6_2491389_150,chr6,2491389,2541389,8333,150,Read_Length
chr10_1456862_40,chr10,1456862,1506862,31250,40,Read_Length
chr10_1456862_50,chr10,1456862,1506862,25000,50,Read_Length
chr10_1456862_60,chr10,1456862,1506862,20833,60,Read_Length
chr10_1456862_70,chr10,1456862,1506862,17857,70,Read_Length
chr10_1456862_80,chr10,1456862,1506862,15625,80,Read_Length
chr10_1456862_90,chr10,1456862,1506862,13889,90,Read_Length
chr10_1456862_100,chr10,1456862,1506862,12500,100,Read_Length
chr10_1456862_110,chr10,1456862,1506862,11364,110,Read_Length
chr10_1456862_120,chr10,1456862,1506862,10417,120,Read_Length
chr10_1456862_130,chr10,1456862,1506862,9615,130,Read_Length
chr10_1456862_140,chr10,1456862,1506862,8929,140,Read_Length
chr10_1456862_150,chr10,1456862,1506862,8333,150,Read_Length
chr10_407963_40,chr10,407963,457963,31250,40,Read_Length
chr10_407963_50,chr10,407963,457963,25000,50,Read_Length
chr10_407963_60,chr10,407963,457963,20833,60,Read_Length
chr10_407963_70,chr10,407963,457963,17857,70,Read_Length
chr10_407963_80,chr10,407963,457963,15625,80,Read_Length
chr10_407963_90,chr10,407963,457963,13889,90,Read_Length
chr10_407963_100,chr10,407963,457963,12500,100,Read_Length
chr10_407963_110,chr10,407963,457963,11364,110,Read_Length
chr10_407963_120,chr10,407963,457963,10417,120,Read_Length
chr10_407963_130,chr10,407963,457963,9615,130,Read_Length
chr10_407963_140,chr10,407963,457963,8929,140,Read_Length
chr10_407963_150,chr10,407963,457963,8333,150,Read_Length
chr5_2019844_40,chr5,2019844,2069844,31250,40,Read_Length
chr5_2019844_50,chr5,2019844,2069844,25000,50,Read_Length
chr5_2019844_60,chr5,2019844,2069844,20833,60,Read_Length
chr5_2019844_70,chr5,2019844,2069844,17857,70,Read_Length
chr5_2019844_80,chr5,2019844,2069844,15625,80,Read_Length
chr5_2019844_90,chr5,2019844,2069844,13889,90,Read_Length
chr5_2019844_100,chr5,2019844,2069844,12500,100,Read_Length
chr5_2019844_110,chr5,2019844,2069844,11364,110,Read_Length
chr5_2019844_120,chr5,2019844,2069844,10417,120,Read_Length
chr5_2019844_130,chr5,2019844,2069844,9615,130,Read_Length
chr5_2019844_140,chr5,2019844,2069844,8929,140,Read_Length
chr5_2019844_150,chr5,2019844,2069844,8333,150,Read_Length
chr6_2724737_40,chr6,2724737,2774737,31250,40,Read_Length
chr6_2724737_50,chr6,2724737,2774737,25000,50,Read_Length
chr6_2724737_60,chr6,2724737,2774737,20833,60,Read_Length
chr6_2724737_70,chr6,2724737,2774737,17857,70,Read_Length
chr6_2724737_80,chr6,2724737,2774737,15625,80,Read_Length
chr6_2724737_90,chr6,2724737,2774737,13889,90,Read_Length
chr6_2724737_100,chr6,2724737,2774737,12500,100,Read_Length
chr6_2724737_110,chr6,2724737,2774737,11364,110,Read_Length
chr6_2724737_120,chr6,2724737,2774737,10417,120,Read_Length
chr6_2724737_130,chr6,2724737,2774737,9615,130,Read_Length
chr6_2724737_140,chr6,2724737,2774737,8929,140,Read_Length
chr6_2724737_150,chr6,2724737,2774737,8333,150,Read_Length
chr1_213021_40,chr1,213021,263021,31250,40,Read_Length
chr1_213021_50,chr1,213021,263021,25000,50,Read_Length
chr1_213021_60,chr1,213021,263021,20833,60,Read_Length
chr1_213021_70,chr1,213021,263021,17857,70,Read_Length
chr1_213021_80,chr1,213021,263021,15625,80,Read_Length
chr1_213021_90,chr1,213021,263021,13889,90,Read_Length
chr1_213021_100,chr1,213021,263021,12500,100,Read_Length
chr1_213021_110,chr1,213021,263021,11364,110,Read_Length
chr1_213021_120,chr1,213021,263021,10417,120,Read_Length
chr1_213021_130,chr1,213021,263021,9615,130,Read_Length
chr1_213021_140,chr1,213021,263021,8929,140,Read_Length
chr1_213021_150,chr1,213021,263021,8333,150,Read_Length
chr6_1844539_40,chr6,1844539,1894539,31250,40,Read_Length
chr6_1844539_50,chr6,1844539,1894539,25000,50,Read_Length
chr6_1844539_60,chr6,1844539,1894539,20833,60,Read_Length
chr6_1844539_70,chr6,1844539,1894539,17857,70,Read_Length
chr6_1844539_80,chr6,1844539,1894539,15625,80,Read_Length
chr6_1844539_90,chr6,1844539,1894539,13889,90,Read_Length
chr6_1844539_100,chr6,1844539,1894539,12500,100,Read_Length
chr6_1844539_110,chr6,1844539,1894539,11364,110,Read_Length
chr6_1844539_120,chr6,1844539,1894539,10417,120,Read_Length
chr6_1844539_130,chr6,1844539,1894539,9615,130,Read_Length
chr6_1844539_140,chr6,1844539,1894539,8929,140,Read_Length
chr6_1844539_150,chr6,1844539,1894539,8333,150,Read_Length
chr10_1400316_40,chr10,1400316,1450316,31250,40,Read_Length
chr10_1400316_50,chr10,1400316,1450316,25000,50,Read_Length
chr10_1400316_60,chr10,1400316,1450316,20833,60,Read_Length
chr10_1400316_70,chr10,1400316,1450316,17857,70,Read_Length
chr10_1400316_80,chr10,1400316,1450316,15625,80,Read_Length
chr10_1400316_90,chr10,1400316,1450316,13889,90,Read_Length
chr10_1400316_100,chr10,1400316,1450316,12500,100,Read_Length
chr10_1400316_110,chr10,1400316,1450316,11364,110,Read_Length
chr10_1400316_120,chr10,1400316,1450316,10417,120,Read_Length
chr10_1400316_130,chr10,1400316,1450316,9615,130,Read_Length
chr10_1400316_140,chr10,1400316,1450316,8929,140,Read_Length
chr10_1400316_150,chr10,1400316,1450316,8333,150,Read_Length
